{"name":"Madison Layouts and Views","guid":"536aaef4c2d2a5.93365095","builder_version":"5.0.18","builder_theme_name":"Madison","timestamp":1399500532,"site_url":"http:\/\/demos.ithemes.com\/madison","site_wpurl":"http:\/\/demos.ithemes.com\/madison","exported_by":"Cody","data_sources":{"layouts-views":{"name":"Layouts and Views","version":"1.6","data_size":19064}},"attachments":{"1789":{"post":{"ID":1789,"post_author":"8","post_date":"2014-02-26 20:15:39","post_date_gmt":"2014-02-26 20:15:39","post_content":"","post_title":"","post_excerpt":"","post_status":"inherit","comment_status":"closed","ping_status":"closed","post_password":"","post_name":"1789","to_ping":"","pinged":"","post_modified":"2014-02-26 20:15:39","post_modified_gmt":"2014-02-26 20:15:39","post_content_filtered":"","post_parent":0,"guid":"http:\/\/demos.ithemes.com\/carter\/files\/2014\/02\/email-signup-graphic.jpg","menu_order":0,"post_type":"attachment","post_mime_type":"image\/jpeg","comment_count":"0","filter":"raw"},"file_name":"email-signup-graphic.jpg"},"1945":{"post":{"ID":1945,"post_author":"8","post_date":"2014-05-07 22:08:27","post_date_gmt":"2014-05-07 22:08:27","post_content":"","post_title":"","post_excerpt":"","post_status":"inherit","comment_status":"open","ping_status":"closed","post_password":"","post_name":"1945","to_ping":"","pinged":"","post_modified":"2014-05-07 22:08:27","post_modified_gmt":"2014-05-07 22:08:27","post_content_filtered":"","post_parent":0,"guid":"http:\/\/demos.ithemes.com\/madison\/files\/2014\/05\/821A13983.jpg","menu_order":0,"post_type":"attachment","post_mime_type":"image\/jpeg","comment_count":"0","filter":"raw"},"file_name":"821A13983.jpg"}}}