{"data":{"storage_version":"1.6","default":"530e47ae73162","layouts":{"530d24aad4ec5":{"guid":"530d24aad4ec5","description":"Full Width","hide_widgets":"no","modules":{"1":{"module":"navigation","data":{"name":"Navigation","style":"nav-with-logo","type":{"term_id":205,"name":"Simple Short Menu","slug":"simple-short-menu","term_group":0,"term_taxonomy_id":206,"taxonomy":"nav_menu","description":"","parent":0,"count":12,"filter":"raw"}},"guid":"530d24aad4d0e"},"2":{"module":"content","data":{"custom_sidebar_widths":"","name":"Content","sidebar":"none","sidebar_widths":"","style":""},"guid":"530d24aad4d7b"},"3":{"module":"widget-bar","data":{"custom_widget_percents":"33.333,33.333,33.333","name":"Widget Bar","style":"dark-widget-bar","type":"3","widget_percents":"25,25,50"},"guid":"530d24aad4de9"},"4":{"module":"footer","data":{"custom_sidebar_widths":"","name":"Footer","sidebar":"none","sidebar_widths":""},"guid":"530d24aad4e57"}},"width":"1050","extension":"","num_views":0,"num_page_views":0,"num_post_views":0,"total_num_views":0,"stylesheet_version":"7,7,Builder-Madison,{builder-full-width-modules:1},{builder-percentage-widths:1},{builder-responsive:enable-fluid-images=1,enable-breakpoints=1,column-min-width=300,enable-auto-margins=1,tablet-auto-margin=1.5em,mobile-auto-margin=.75em,tablet-width=layout-width,mobile-width=500px},{modules:530d24aad4d0e,530d24aad4d7b,530d24aad4de9,530d24aad4e57}","stylesheet_file":"\/home\/cmill303\/public_html\/demos\/wp-content\/blogs.dir\/517\/files\/it-file-cache\/builder-layouts\/530d24aad4ec5.css","version":7},"530e43df4004c":{"guid":"530e43df4004c","description":"Full Width - Narrow","hide_widgets":"no","modules":{"1":{"module":"navigation","data":{"name":"Navigation","style":"nav-with-logo","type":{"term_id":207,"name":"Super Short Menu","slug":"super-short-menu","term_group":0,"term_taxonomy_id":208,"taxonomy":"nav_menu","description":"","parent":0,"count":3,"filter":"raw"}},"guid":"530e43df40139"},"2":{"module":"content","data":{"custom_sidebar_widths":"","name":"Content","sidebar":"none","sidebar_widths":"","style":""},"guid":"530e43df401a8"},"3":{"module":"widget-bar","data":{"custom_widget_percents":"33.333,33.333,33.333","name":"Widget Bar","style":"dark-bg-widget-bar","type":"3","widget_percents":"25,25,50"},"guid":"530e43df40218"},"4":{"module":"footer","data":{"custom_sidebar_widths":"","name":"Footer","sidebar":"none","sidebar_widths":""},"guid":"530e43df40287"}},"width":"780","extension":"","num_views":0,"num_page_views":0,"num_post_views":0,"total_num_views":0,"stylesheet_version":"7,8,Builder-Madison,{builder-full-width-modules:1},{builder-percentage-widths:1},{builder-responsive:enable-fluid-images=1,enable-breakpoints=1,column-min-width=300,enable-auto-margins=1,tablet-auto-margin=1.5em,mobile-auto-margin=.75em,tablet-width=layout-width,mobile-width=500px},{modules:530e43df40139,530e43df401a8,530e43df40218,530e43df40287}","stylesheet_file":"\/home\/cmill303\/public_html\/demos\/wp-content\/blogs.dir\/517\/files\/it-file-cache\/builder-layouts\/530e43df4004c.css","version":8},"530e479154805":{"guid":"530e479154805","description":"Left Sidebar","hide_widgets":"no","modules":{"1":{"module":"navigation","data":{"name":"Navigation","style":"nav-with-logo","type":{"term_id":205,"name":"Simple Short Menu","slug":"simple-short-menu","term_group":0,"term_taxonomy_id":206,"taxonomy":"nav_menu","description":"","parent":0,"count":12,"filter":"raw"}},"guid":"530e4791548f3"},"2":{"module":"content","data":{"custom_sidebar_widths":"320","name":"Content","sidebar":"1_left","sidebar_widths":"custom","style":""},"guid":"530e479154963"},"3":{"module":"widget-bar","data":{"custom_widget_percents":"33.333,33.333,33.333","name":"Widget Bar","style":"dark-widget-bar","type":"3","widget_percents":"25,25,50"},"guid":"530e4791549da"},"4":{"module":"footer","data":{"custom_sidebar_widths":"","name":"Footer","sidebar":"none","sidebar_widths":""},"guid":"530e479154a54"}},"width":"1050","extension":"","num_views":0,"num_page_views":0,"num_post_views":0,"total_num_views":0,"stylesheet_version":"7,10,Builder-Madison,{builder-full-width-modules:1},{builder-percentage-widths:1},{builder-responsive:enable-fluid-images=1,enable-breakpoints=1,column-min-width=300,enable-auto-margins=1,tablet-auto-margin=1.5em,mobile-auto-margin=.75em,tablet-width=layout-width,mobile-width=500px},{modules:530e4791548f3,530e479154963,530e4791549da,530e479154a54}","stylesheet_file":"\/home\/cmill303\/public_html\/demos\/wp-content\/blogs.dir\/517\/files\/it-file-cache\/builder-layouts\/530e479154805.css","version":10},"530e47ae73162":{"guid":"530e47ae73162","description":"Right Sidebar","hide_widgets":"no","modules":{"1":{"module":"navigation","data":{"name":"Navigation","style":"nav-with-logo","type":{"term_id":205,"name":"Simple Short Menu","slug":"simple-short-menu","term_group":0,"term_taxonomy_id":206,"taxonomy":"nav_menu","description":"","parent":0,"count":12,"filter":"raw"}},"guid":"530e47ae73279"},"2":{"module":"content","data":{"custom_sidebar_widths":"320","name":"Content","sidebar":"1_right","sidebar_widths":"custom","style":""},"guid":"530e47ae732e9"},"3":{"module":"widget-bar","data":{"custom_widget_percents":"33.333,33.333,33.333","name":"Widget Bar","style":"dark-bg-widget-bar","type":"3","widget_percents":"25,25,50"},"guid":"530e47ae73358"},"4":{"module":"footer","data":{"custom_sidebar_widths":"","name":"Footer","sidebar":"none","sidebar_widths":""},"guid":"530e47ae733c7"}},"width":"1050","extension":"","num_views":0,"num_page_views":0,"num_post_views":0,"total_num_views":0,"stylesheet_version":"7,9,Builder-Madison,{builder-full-width-modules:1},{builder-percentage-widths:1},{builder-responsive:enable-fluid-images=1,enable-breakpoints=1,column-min-width=300,enable-auto-margins=1,tablet-auto-margin=1.5em,mobile-auto-margin=.75em,tablet-width=layout-width,mobile-width=500px},{modules:530e47ae73279,530e47ae732e9,530e47ae73358,530e47ae733c7}","stylesheet_file":"\/home\/cmill303\/public_html\/demos\/wp-content\/blogs.dir\/517\/files\/it-file-cache\/builder-layouts\/530e47ae73162.css","version":9},"530e47cfba818":{"guid":"530e47cfba818","description":"Landing Page","hide_widgets":"no","modules":{"1":{"module":"content","data":{"custom_sidebar_widths":"","name":"Content","sidebar":"none","sidebar_widths":""},"guid":"530e47cfba974"}},"width":"600","extension":"","num_views":0,"num_page_views":0,"num_post_views":0,"total_num_views":0,"stylesheet_version":"7,6,Builder-Madison,{builder-full-width-modules:1},{builder-percentage-widths:1},{builder-responsive:enable-fluid-images=1,enable-breakpoints=1,column-min-width=300,enable-auto-margins=1,tablet-auto-margin=1.5em,mobile-auto-margin=.75em,tablet-width=layout-width,mobile-width=500px},{modules:530e47cfba974}","stylesheet_file":"\/home\/cmill303\/public_html\/demos\/wp-content\/blogs.dir\/517\/files\/it-file-cache\/builder-layouts\/530e47cfba818.css","version":6},"530e480626b26":{"guid":"530e480626b26","description":"Email Signup","hide_widgets":"no","modules":{"1":{"module":"navigation","data":{"name":"Navigation","style":"nav-with-logo","type":{"term_id":207,"name":"Super Short Menu","slug":"super-short-menu","term_group":0,"term_taxonomy_id":208,"taxonomy":"nav_menu","description":"","parent":0,"count":3,"filter":"raw"}},"guid":"530e480626c18"},"2":{"module":"image","data":{"attachment":"1789","custom_sidebar_widths":"","height":"150","height_type":"auto","image":"","image_alt":"","name":"Image","new_window":"","sidebar":"none","sidebar_widths":"","style":"","url":""},"guid":"530e4b6e4daca"},"3":{"module":"content","data":{"custom_sidebar_widths":"","name":"Content","sidebar":"none","sidebar_widths":"","style":""},"guid":"530e480626c88"}},"width":"500","extension":"","num_views":0,"num_page_views":0,"num_post_views":0,"total_num_views":0,"stylesheet_version":"7,12,Builder-Madison,{builder-full-width-modules:1},{builder-percentage-widths:1},{builder-responsive:enable-fluid-images=1,enable-breakpoints=1,column-min-width=300,enable-auto-margins=1,tablet-auto-margin=1.5em,mobile-auto-margin=.75em,tablet-width=layout-width,mobile-width=500px},{modules:530e480626c18,530e4b6e4daca,530e480626c88}","stylesheet_file":"\/home\/cmill303\/public_html\/demos\/wp-content\/blogs.dir\/517\/files\/it-file-cache\/builder-layouts\/530e480626b26.css","version":12},"530e4ee968371":{"guid":"530e4ee968371","description":"Hero Banner","hide_widgets":"no","modules":{"1":{"module":"navigation","data":{"name":"Navigation","style":"nav-with-logo","type":{"term_id":207,"name":"Super Short Menu","slug":"super-short-menu","term_group":0,"term_taxonomy_id":208,"taxonomy":"nav_menu","description":"","parent":0,"count":3,"filter":"raw"}},"guid":"530e4ee96847b"},"2":{"module":"image","data":{"attachment":"1945","custom_sidebar_widths":"","height":"350","height_type":"custom","image":"","image_alt":"","name":"Image","new_window":"","sidebar":"none","sidebar_widths":"","style":"image-full-window","url":""},"guid":"5363ff74c9b0d"},"3":{"module":"content","data":{"custom_sidebar_widths":"","name":"Content","sidebar":"none","sidebar_widths":"","style":""},"guid":"530e4ee9684f3"},"4":{"module":"widget-bar","data":{"custom_widget_percents":"33.333,33.333,33.333","name":"Widget Bar","style":"dark-bg-widget-bar","type":"3","widget_percents":"25,25,50"},"guid":"530e4ee96856a"},"5":{"module":"footer","data":{"custom_sidebar_widths":"","name":"Footer","sidebar":"none","sidebar_widths":""},"guid":"530e4ee9685e2"}},"width":"780","extension":"","num_views":0,"num_page_views":0,"num_post_views":0,"total_num_views":0,"stylesheet_version":"7,14,Builder-Madison,{builder-full-width-modules:1},{builder-percentage-widths:1},{builder-responsive:enable-fluid-images=1,enable-breakpoints=1,column-min-width=300,enable-auto-margins=1,tablet-auto-margin=1.5em,mobile-auto-margin=.75em,tablet-width=layout-width,mobile-width=500px},{modules:530e4ee96847b,5363ff74c9b0d,530e4ee9684f3,530e4ee96856a,530e4ee9685e2}","stylesheet_file":"\/home\/cmill303\/public_html\/demos\/wp-content\/blogs.dir\/517\/files\/it-file-cache\/builder-layouts\/530e4ee968371.css","version":15},"5331cf9a92979":{"guid":"5331cf9a92979","description":"Home","hide_widgets":"no","modules":{"1":{"module":"navigation","data":{"name":"Navigation","style":"nav-with-logo","type":{"term_id":205,"name":"Simple Short Menu","slug":"simple-short-menu","term_group":0,"term_taxonomy_id":206,"taxonomy":"nav_menu","description":"","parent":0,"count":12,"filter":"raw"}},"guid":"5331cf9a929fd"},"2":{"module":"html","data":{"custom_sidebar_widths":"","enable_eval":"no","html":"<h1 style=\"font-weight: bold; text-align: center;\">Create any layout you can imagine.<\/h1>\r\n\r\n<p style=\"width: 80%; margin: 0 auto;\">Praesent commodo cursus magna, vel scelerisque nisl consectetur et. Maecenas sed diam eget risus varius blandit sit amet non magna. Nullam id dolor id nibh ultricies vehicula ut id elit.<\/p>","name":"HTML","remove_wrappers":"","sidebar":"none","sidebar_widths":"","style":"hot-pink-html"},"guid":"5363b8d2f3789"},"3":{"module":"navigation","data":{"name":"Navigation","style":"","type":{"term_id":15,"name":"Main Menu","slug":"main-menu","term_group":0,"term_taxonomy_id":15,"taxonomy":"nav_menu","description":"","parent":0,"count":12,"filter":"raw"}},"guid":"5363b8d2f382b"},"4":{"module":"content","data":{"custom_sidebar_widths":"","name":"Content","sidebar":"none","sidebar_widths":""},"guid":"5363b8d2f38cd"},"5":{"module":"widget-bar","data":{"custom_widget_percents":"","name":"Widget Bar","style":"dark-widget-bar","type":"3","widget_percents":"33.333,33.333,33.333"},"guid":"5363b8d2f36e4"},"6":{"module":"footer","data":{"custom_sidebar_widths":"","name":"Footer","sidebar":"none","sidebar_widths":""},"guid":"5331cf9a92b4b"}},"width":"1050","extension":"madison-featured-posts","num_views":0,"num_page_views":0,"num_post_views":0,"total_num_views":0,"stylesheet_version":"7,15,Builder-Madison,{builder-full-width-modules:1},{builder-percentage-widths:1},{builder-responsive:enable-fluid-images=1,enable-breakpoints=1,column-min-width=300,enable-auto-margins=1,tablet-auto-margin=1.5em,mobile-auto-margin=.75em,tablet-width=layout-width,mobile-width=500px},{modules:5331cf9a929fd,5363b8d2f3789,5363b8d2f382b,5363b8d2f38cd,5363b8d2f36e4,5331cf9a92b4b}","stylesheet_file":"\/home\/cmill303\/public_html\/demos\/wp-content\/blogs.dir\/517\/files\/it-file-cache\/builder-layouts\/5331cf9a92979.css","version":15,"extension_disables_theme_style":false},"53330272c41a2":{"guid":"53330272c41a2","description":"Default Navigation Style","hide_widgets":"no","modules":{"1":{"module":"header","data":{"custom_sidebar_widths":"","name":"Header","seo_tagline_home":"div","seo_tagline_other":"div","seo_title_home":"h1","seo_title_other":"div","seo_type":"default","sidebar":"none","sidebar_widths":"","tagline_custom":"","tagline_type":"default","title_custom":"","title_type":"default"},"guid":"5368ee17a562b"},"2":{"module":"navigation","data":{"name":"Navigation","style":"","type":{"term_id":15,"name":"Main Menu","slug":"main-menu","term_group":0,"term_taxonomy_id":15,"taxonomy":"nav_menu","description":"","parent":0,"count":12,"filter":"raw"}},"guid":"5333028c43a93"},"3":{"module":"content","data":{"custom_sidebar_widths":"320","name":"Content","sidebar":"1_right","sidebar_widths":"custom","style":""},"guid":"53330272c4293"},"4":{"module":"widget-bar","data":{"custom_widget_percents":"33.333,33.333,33.333","name":"Widget Bar","style":"dark-bg-widget-bar","type":"3","widget_percents":"25,25,50"},"guid":"53330272c4302"},"5":{"module":"footer","data":{"custom_sidebar_widths":"","name":"Footer","sidebar":"none","sidebar_widths":""},"guid":"53330272c4370"}},"width":"1050","extension":"","num_views":0,"num_page_views":0,"num_post_views":0,"total_num_views":0,"stylesheet_version":"7,10,Builder-Madison,{builder-full-width-modules:1},{builder-percentage-widths:1},{builder-responsive:enable-fluid-images=1,enable-breakpoints=1,column-min-width=300,enable-auto-margins=1,tablet-auto-margin=1.5em,mobile-auto-margin=.75em,tablet-width=layout-width,mobile-width=500px},{modules:5368ee17a562b,5333028c43a93,53330272c4293,53330272c4302,53330272c4370}","stylesheet_file":"\/home\/cmill303\/public_html\/demos\/wp-content\/blogs.dir\/517\/files\/it-file-cache\/builder-layouts\/53330272c41a2.css","version":10}},"views":{"it_exchange_is_exchange_builder_view":{"layout":"530e43df4004c","extension":"","extension_data":[]},"it_exchange_is_store_builder_view":{"layout":"530d24aad4ec5","extension":"","extension_data":[]}}},"meta":[]}